{
  "week3-document-refinery-extractions/documents": {
    "processing_time_ms": {
      "mean": 123744.263158,
      "stddev": 245340.754294,
      "min": 116.0,
      "max": 1036312.0,
      "count": 19
    },
    "token_count_input": {
      "mean": 18682.894737,
      "stddev": 32144.641456,
      "min": 90.0,
      "max": 127271.0,
      "count": 19
    },
    "token_count_output": {
      "mean": 18682.894737,
      "stddev": 32144.641456,
      "min": 90.0,
      "max": 127271.0,
      "count": 19
    },
    "fact_count": {
      "mean": 1796.736842,
      "stddev": 3393.168052,
      "min": 15.0,
      "max": 11629.0,
      "count": 19
    },
    "entity_count": {
      "mean": 48.789474,
      "stddev": 68.543238,
      "min": 0.0,
      "max": 227.0,
      "count": 19
    }
  },
  "week3-document-refinery-extractions/extracted_facts": {
    "confidence": {
      "mean": 0.97843,
      "stddev": 0.037003,
      "min": 0.676,
      "max": 1.0,
      "count": 34138
    },
    "page_ref": {
      "mean": 37.791581,
      "stddev": 26.303856,
      "min": 1.0,
      "max": 104.0,
      "count": 34138
    }
  }
}