{
  "week3-document-refinery-extractions/documents": {
    "processing_time_ms": {
      "mean": 226028.789474,
      "stddev": 298932.137208,
      "min": 116.0,
      "max": 1188768.0,
      "count": 38
    },
    "token_count_input": {
      "mean": 25873.605263,
      "stddev": 31440.689823,
      "min": 90.0,
      "max": 127271.0,
      "count": 38
    },
    "token_count_output": {
      "mean": 25873.605263,
      "stddev": 31440.689823,
      "min": 90.0,
      "max": 127271.0,
      "count": 38
    },
    "fact_count": {
      "mean": 1178.526316,
      "stddev": 2468.596994,
      "min": 15.0,
      "max": 11629.0,
      "count": 38
    },
    "entity_count": {
      "mean": 66.131579,
      "stddev": 73.1493,
      "min": 0.0,
      "max": 227.0,
      "count": 38
    }
  },
  "week3-document-refinery-extractions/extracted_facts": {
    "confidence": {
      "mean": 0.966817,
      "stddev": 0.041316,
      "min": 0.676,
      "max": 1.0,
      "count": 44784
    },
    "page_ref": {
      "mean": 39.659901,
      "stddev": 27.460381,
      "min": 1.0,
      "max": 155.0,
      "count": 44784
    }
  },
  "week5-event-store/documents": {
    "fact_count": {
      "mean": 0.0,
      "stddev": 0.0,
      "min": 0.0,
      "max": 0.0,
      "count": 1198
    },
    "entity_count": {
      "mean": 0.0,
      "stddev": 0.0,
      "min": 0.0,
      "max": 0.0,
      "count": 1198
    }
  }
}